epoch,time,train/box_loss,train/cls_loss,train/l1_loss,metrics/precision(B),metrics/recall(B),metrics/mAP50(B),metrics/mAP50-95(B),val/box_loss,val/cls_loss,val/l1_loss,lr/pg0,lr/pg1,lr/pg2
5,860.756,1.31829,0.80678,0.02353,0.92371,0.92306,0.94909,0.52836,1.6442,0.6977,0.05679,0.00199653,0.00199653,0.00199653
6,993.458,1.246,0.74886,0.02219,0.92246,0.9203,0.92352,0.51028,1.52195,0.7012,0.05266,0.00199458,0.00199458,0.00199458
7,1124,1.2056,0.73061,0.02117,0.87953,0.85314,0.89864,0.49308,1.61025,0.90082,0.055,0.00199219,0.00199219,0.00199219
8,1258.89,1.20609,0.71082,0.02117,0.90657,0.87332,0.90706,0.60041,1.5048,0.75636,0.05183,0.00198938,0.00198938,0.00198938
9,1391.61,1.2029,0.69715,0.02136,0.87294,0.84865,0.83571,0.45525,1.82387,0.76785,0.06355,0.00198614,0.00198614,0.00198614
10,1527.31,1.15736,0.68109,0.02014,0.91971,0.91181,0.94781,0.6137,1.342,0.6519,0.04478,0.00198246,0.00198246,0.00198246
11,1661.47,1.11707,0.67573,0.0193,0.87757,0.83573,0.87325,0.57904,1.41265,0.87892,0.04832,0.00197837,0.00197837,0.00197837
12,1797.23,1.12333,0.65875,0.01917,0.95049,0.8825,0.95299,0.52796,1.68219,0.85046,0.05998,0.00197384,0.00197384,0.00197384
13,1932.83,1.10551,0.64895,0.01885,0.90735,0.92713,0.96009,0.53677,1.40822,0.68324,0.0504,0.0019689,0.0019689,0.0019689
14,2065.89,1.077,0.61237,0.01843,0.92247,0.92036,0.95331,0.66339,1.13818,0.69944,0.03722,0.00196353,0.00196353,0.00196353
15,2199.5,1.0633,0.6074,0.01768,0.93235,0.94256,0.94771,0.64396,1.26207,0.51043,0.04229,0.00195775,0.00195775,0.00195775
16,2332.47,1.04341,0.58346,0.01769,0.92962,0.9417,0.96766,0.64946,1.30177,0.59807,0.04473,0.00195155,0.00195155,0.00195155
17,2464.16,1.05465,0.56316,0.01791,0.94566,0.89746,0.96035,0.55471,1.5476,0.60018,0.05378,0.00194493,0.00194493,0.00194493
18,2595.83,1.0376,0.59136,0.01753,0.94065,0.94169,0.97628,0.67302,1.28818,0.53576,0.04378,0.00193791,0.00193791,0.00193791
19,2729.59,1.05241,0.61267,0.0174,0.92448,0.91951,0.94521,0.61521,1.45658,0.64519,0.05087,0.00193048,0.00193048,0.00193048
20,2864.14,1.01585,0.58641,0.01685,0.94161,0.85762,0.92892,0.63255,1.35344,0.63686,0.04558,0.00192264,0.00192264,0.00192264
21,2996.37,1.01624,0.57343,0.01695,0.92483,0.93498,0.96411,0.63226,1.45557,0.5804,0.05159,0.00191441,0.00191441,0.00191441
22,3129.03,1.01145,0.55907,0.01705,0.95253,0.94476,0.96245,0.64911,1.3639,0.48525,0.04646,0.00190578,0.00190578,0.00190578
23,3260.52,1.00395,0.55765,0.01682,0.94885,0.91592,0.95507,0.64789,1.33812,0.52019,0.0454,0.00189675,0.00189675,0.00189675
24,3397.74,0.99831,0.5321,0.01694,0.9223,0.93498,0.96351,0.65733,1.21951,0.45876,0.04074,0.00188734,0.00188734,0.00188734
25,3530.02,0.98366,0.52637,0.01647,0.91624,0.93204,0.95054,0.64873,1.33982,0.46235,0.04513,0.00187754,0.00187754,0.00187754
26,3662.42,0.98832,0.56031,0.01676,0.92444,0.88677,0.93847,0.62364,1.29238,0.52954,0.04397,0.00186737,0.00186737,0.00186737
27,3799.65,0.98415,0.54416,0.01624,0.9417,0.92352,0.96018,0.68291,1.18433,0.5437,0.03916,0.00185681,0.00185681,0.00185681
28,3933.53,0.96614,0.51386,0.01581,0.90915,0.9204,0.92996,0.61617,1.41533,0.54434,0.04617,0.00184588,0.00184588,0.00184588
29,4065.46,0.98577,0.56157,0.01624,0.86723,0.82744,0.88053,0.55681,1.5703,0.88236,0.05682,0.00183459,0.00183459,0.00183459
30,4196.94,0.98453,0.52603,0.01615,0.93076,0.93442,0.94826,0.59096,1.46447,0.50492,0.05128,0.00182294,0.00182294,0.00182294
31,4330.12,0.9708,0.52753,0.01602,0.94659,0.93381,0.95819,0.65738,1.3191,0.43423,0.0452,0.00181093,0.00181093,0.00181093
32,4464.71,0.96328,0.52189,0.01576,0.91637,0.87556,0.93121,0.65589,1.25301,0.57893,0.04217,0.00179856,0.00179856,0.00179856
33,4598.27,0.9322,0.51044,0.01532,0.95003,0.95913,0.96336,0.66443,1.23442,0.43975,0.04192,0.00178586,0.00178586,0.00178586
34,4730.75,0.93537,0.48993,0.01539,0.90764,0.88565,0.9417,0.66176,1.26932,0.64315,0.04226,0.00177281,0.00177281,0.00177281
35,4863.6,0.94767,0.51143,0.01587,0.89671,0.91484,0.93534,0.61766,1.39496,0.53521,0.04668,0.00175943,0.00175943,0.00175943
36,4994.61,0.9411,0.53216,0.01524,0.9102,0.9204,0.94402,0.63667,1.29337,0.53116,0.04404,0.00174571,0.00174571,0.00174571
37,5124.95,0.9211,0.49839,0.01512,0.93191,0.936,0.96316,0.67639,1.23208,0.44269,0.04161,0.00173168,0.00173168,0.00173168
38,5257.6,0.93143,0.48459,0.01531,0.955,0.96749,0.9853,0.69862,1.09108,0.42835,0.03614,0.00171733,0.00171733,0.00171733
39,5393.47,0.90737,0.49237,0.01505,0.97015,0.94718,0.98619,0.70063,1.0812,0.37636,0.03566,0.00170267,0.00170267,0.00170267
40,5527.34,0.92679,0.50284,0.0152,0.96076,0.9787,0.98622,0.69008,1.10898,0.37576,0.0364,0.0016877,0.0016877,0.0016877
41,5659.16,0.90468,0.47417,0.01478,0.94803,0.96117,0.96386,0.65145,1.16208,0.47236,0.03877,0.00167244,0.00167244,0.00167244
42,5791.83,0.94411,0.50237,0.01524,0.94754,0.95291,0.95886,0.66762,1.14579,0.42389,0.03843,0.00165689,0.00165689,0.00165689
43,5924.03,0.91009,0.46356,0.01465,0.9485,0.95404,0.96469,0.67448,1.17184,0.44103,0.03879,0.00164105,0.00164105,0.00164105
44,6055.73,0.89115,0.48815,0.01408,0.94577,0.94731,0.95419,0.62467,1.30008,0.43455,0.04381,0.00162494,0.00162494,0.00162494
45,6191.01,0.89411,0.489,0.01417,0.94897,0.95516,0.97135,0.66075,1.25516,0.41371,0.04206,0.00160855,0.00160855,0.00160855
46,6322.98,0.89999,0.49701,0.01461,0.97164,0.9843,0.9871,0.71451,1.07269,0.39395,0.03543,0.00159191,0.00159191,0.00159191
47,6457.48,0.88762,0.50121,0.01418,0.94052,0.9573,0.97366,0.69407,1.16907,0.44329,0.03879,0.00157501,0.00157501,0.00157501
48,6590.61,0.89252,0.4563,0.01471,0.95472,0.95852,0.95945,0.65064,1.21528,0.42358,0.04087,0.00155786,0.00155786,0.00155786
49,6722.58,0.88238,0.47446,0.01425,0.96009,0.97089,0.9595,0.67987,1.16634,0.37581,0.03886,0.00154047,0.00154047,0.00154047
50,6857.42,0.86829,0.46386,0.0139,0.95733,0.95573,0.95544,0.62944,1.25763,0.4225,0.04257,0.00152285,0.00152285,0.00152285
51,6989.51,0.87532,0.44545,0.01421,0.93528,0.95586,0.95073,0.65393,1.20486,0.39301,0.04096,0.001505,0.001505,0.001505
52,7121.45,0.86938,0.44511,0.01398,0.92103,0.87606,0.92833,0.62548,1.27345,0.59077,0.04397,0.00148694,0.00148694,0.00148694
53,7252.21,0.85721,0.46442,0.01377,0.96691,0.97085,0.9716,0.69402,1.11784,0.40913,0.03677,0.00146866,0.00146866,0.00146866
54,7389.7,0.8682,0.47488,0.01365,0.95168,0.96076,0.9597,0.68145,1.13567,0.38639,0.0382,0.00145019,0.00145019,0.00145019
55,7523.32,0.84688,0.42679,0.01371,0.9648,0.97758,0.98047,0.69829,1.12058,0.38056,0.03723,0.00143152,0.00143152,0.00143152
56,7656.47,0.86,0.47239,0.01371,0.95871,0.96861,0.96522,0.66776,1.21722,0.4145,0.04105,0.00141267,0.00141267,0.00141267
57,7790.33,0.87013,0.49408,0.01367,0.95331,0.96138,0.96402,0.67988,1.17588,0.39418,0.03882,0.00139364,0.00139364,0.00139364
58,7925.6,0.84786,0.45526,0.01333,0.94896,0.96413,0.96271,0.67506,1.18739,0.42062,0.04012,0.00137444,0.00137444,0.00137444
59,8058.26,0.88084,0.48702,0.01409,0.95242,0.96489,0.97549,0.67818,1.18514,0.42052,0.0398,0.00135509,0.00135509,0.00135509
60,8191.65,0.84397,0.46167,0.01346,0.95117,0.96089,0.96107,0.66726,1.19616,0.41419,0.03999,0.00133558,0.00133558,0.00133558
61,8323.36,0.83953,0.45551,0.01313,0.96459,0.96973,0.97496,0.69608,1.11044,0.39654,0.03664,0.00131593,0.00131593,0.00131593
62,8456.58,0.82148,0.43885,0.01328,0.96086,0.97534,0.96545,0.68604,1.1536,0.38137,0.03871,0.00129614,0.00129614,0.00129614
63,8585.63,0.84529,0.44991,0.01328,0.95678,0.96786,0.9734,0.69386,1.12547,0.36419,0.03727,0.00127623,0.00127623,0.00127623
64,8714.82,0.83716,0.4621,0.01314,0.95657,0.96295,0.97175,0.69034,1.13736,0.39983,0.03711,0.0012562,0.0012562,0.0012562
65,8846.77,0.82786,0.45221,0.01297,0.95708,0.95006,0.96143,0.662,1.19846,0.43012,0.0403,0.00123607,0.00123607,0.00123607
66,8976.69,0.82356,0.42583,0.01304,0.95741,0.95759,0.96896,0.66859,1.20106,0.39134,0.04092,0.00121583,0.00121583,0.00121583
67,9106.64,0.82948,0.42143,0.01338,0.96091,0.96445,0.95834,0.67782,1.17673,0.39599,0.03926,0.00119551,0.00119551,0.00119551
68,9236.75,0.8203,0.44453,0.01292,0.94584,0.95938,0.95435,0.67003,1.20181,0.42829,0.04044,0.0011751,0.0011751,0.0011751
69,9367.68,0.81383,0.42151,0.01294,0.96174,0.96188,0.96705,0.67183,1.17095,0.40535,0.03871,0.00115462,0.00115462,0.00115462
70,9499.52,0.82111,0.44236,0.01303,0.94201,0.96516,0.9834,0.70305,1.10644,0.3857,0.03611,0.00113408,0.00113408,0.00113408
71,9631.1,0.81214,0.43428,0.01277,0.94984,0.95179,0.95892,0.6551,1.23552,0.42865,0.042,0.00111348,0.00111348,0.00111348
72,9761.78,0.79811,0.4015,0.01293,0.96207,0.9574,0.97403,0.68244,1.18923,0.40412,0.03972,0.00109284,0.00109284,0.00109284
73,9893.05,0.79758,0.43479,0.01237,0.93542,0.95805,0.96248,0.67404,1.16222,0.45479,0.03892,0.00107216,0.00107216,0.00107216
74,10024.6,0.80582,0.41178,0.01262,0.96998,0.97805,0.9776,0.71265,1.08432,0.36573,0.03588,0.00105146,0.00105146,0.00105146
75,10158.3,0.78841,0.36893,0.01267,0.9702,0.98552,0.9902,0.71356,1.11941,0.35578,0.03694,0.00103073,0.00103073,0.00103073
76,10290.7,0.78771,0.40453,0.01239,0.96904,0.98254,0.98798,0.71136,1.10937,0.35412,0.03681,0.00101,0.00101,0.00101
