epoch,time,train/box_loss,train/seg_loss,train/cls_loss,train/l1_loss,train/sem_loss,metrics/precision(B),metrics/recall(B),metrics/mAP50(B),metrics/mAP50-95(B),metrics/precision(M),metrics/recall(M),metrics/mAP50(M),metrics/mAP50-95(M),val/box_loss,val/seg_loss,val/cls_loss,val/l1_loss,val/sem_loss,lr/pg0,lr/pg1,lr/pg2
1,240.32,1.41031,2.75115,6.30526,0.0178,1.9678,0.50568,0.31837,0.25285,0.07544,0.52347,0.3856,0.29686,0.13385,2.66099,4.46716,3.78817,0.08015,0,0.00066,0.00066,0.00066
2,348.224,1.80964,2.66124,2.15439,0.02436,1.30189,0.41338,0.29388,0.23659,0.05043,0.60285,0.42857,0.43285,0.12656,2.90578,4.41824,3.95994,0.08327,0,0.00132652,0.00132652,0.00132652
3,451.816,1.86431,2.71183,1.99716,0.02486,1.2291,0.23587,0.24082,0.08858,0.02035,0.45544,0.42857,0.24271,0.07135,3.10117,3.75446,3.70855,0.08643,0,0.00199247,0.00199247,0.00199247
4,559.959,1.93868,2.83095,2.02824,0.0254,1.31235,0.14037,0.06531,0.02161,0.00388,0.02886,0.00816,0.00061,0.0002,3.83994,20.2386,3.78375,0.1096,0,0.00199805,0.00199805,0.00199805
5,663.724,1.84521,2.66225,1.86573,0.02368,1.15294,0.00099,0.02449,0.00023,3e-05,0.00099,0.02449,0.00029,4e-05,3.48469,28.4574,4.9729,0.13653,0,0.00199653,0.00199653,0.00199653
6,767.043,1.71669,2.47517,1.66743,0.02187,1.04737,0.22102,0.12245,0.04489,0.00901,0.28848,0.09796,0.05653,0.00806,3.80804,7.48377,3.67415,0.10985,0,0.00199458,0.00199458,0.00199458
7,873.026,1.75955,2.41907,1.69294,0.02365,1.05043,0.56216,0.46122,0.37871,0.13492,0.53482,0.42449,0.37443,0.17399,2.35257,3.20962,3.09281,0.06345,0,0.00199219,0.00199219,0.00199219
8,980.415,1.69224,2.50581,1.68259,0.02073,0.99859,0.63128,0.37959,0.35482,0.12392,0.58335,0.35102,0.32396,0.14232,2.39279,4.01337,2.93193,0.05995,0,0.00198938,0.00198938,0.00198938
9,1087.76,1.74136,2.53774,1.67073,0.02103,1.085,0.70167,0.46081,0.44297,0.14762,0.74297,0.47347,0.45725,0.19744,2.48989,3.16484,2.77779,0.06585,0,0.00198614,0.00198614,0.00198614
10,1194.57,1.7394,2.42629,1.64982,0.02089,0.93726,0.70212,0.46122,0.44183,0.14741,0.737,0.45752,0.44166,0.19494,2.61537,2.97391,2.93239,0.0707,0,0.00198246,0.00198246,0.00198246
11,1300.75,1.56631,2.34353,1.5052,0.01875,0.84772,0.74797,0.50204,0.50377,0.18783,0.72835,0.44898,0.44606,0.22396,2.52327,3.12866,2.63442,0.06961,0,0.00197837,0.00197837,0.00197837
12,1409.79,1.54281,2.32733,1.47705,0.01889,0.85257,0.82647,0.41224,0.45651,0.16758,0.78586,0.44937,0.45997,0.18911,2.51717,3.20761,2.54199,0.0663,0,0.00197384,0.00197384,0.00197384
13,1517.19,1.5454,2.36423,1.50286,0.01836,0.86877,0.71898,0.42449,0.45377,0.20086,0.71745,0.43673,0.44066,0.24592,2.22701,2.86403,2.46517,0.05745,0,0.0019689,0.0019689,0.0019689
14,1624.6,1.54285,2.37091,1.52026,0.0172,0.83755,0.76972,0.46939,0.48227,0.20745,0.62916,0.38367,0.3783,0.21037,2.34414,3.1133,2.51611,0.0618,0,0.00196353,0.00196353,0.00196353
15,1730.17,1.49373,2.3016,1.45672,0.01756,0.79261,0.50322,0.40816,0.3148,0.13064,0.48871,0.40816,0.31981,0.14872,2.54026,3.23898,2.73993,0.06669,0,0.00195775,0.00195775,0.00195775
16,1837.68,1.51746,2.3222,1.47318,0.0178,0.85047,0.61918,0.47781,0.44503,0.19213,0.61884,0.47755,0.43255,0.25581,2.37285,2.96397,2.35406,0.06137,0,0.00195155,0.00195155,0.00195155
17,1946.72,1.46201,2.22231,1.36834,0.01737,0.8563,0.78123,0.50204,0.47615,0.19985,0.70083,0.45895,0.40281,0.1893,2.11552,3.02817,2.76842,0.05267,0,0.00194493,0.00194493,0.00194493
18,2051.12,1.38677,2.18829,1.34641,0.01601,0.88932,0.69187,0.51837,0.48657,0.23689,0.68337,0.49388,0.47005,0.26444,2.03967,2.85727,2.31859,0.04891,0,0.00193791,0.00193791,0.00193791
19,2158.35,1.43185,2.27411,1.39035,0.01653,0.77687,0.71438,0.48571,0.46661,0.23784,0.69333,0.46122,0.44283,0.23854,2.06418,3.1708,2.70181,0.05034,0,0.00193048,0.00193048,0.00193048
20,2264.42,1.40656,2.18976,1.34282,0.01633,0.7977,0.83015,0.46531,0.48183,0.25802,0.79569,0.45306,0.45812,0.274,2.10587,2.90277,2.29553,0.05136,0,0.00192264,0.00192264,0.00192264
21,2371.94,1.39549,2.12127,1.29936,0.01627,0.71569,0.69112,0.4449,0.38349,0.18501,0.74305,0.47755,0.42723,0.23814,2.15077,2.88663,2.62086,0.05199,0,0.00191441,0.00191441,0.00191441
22,2479.05,1.38636,2.1987,1.35865,0.01591,0.79585,0.82127,0.50638,0.52058,0.27695,0.78925,0.4898,0.47872,0.24008,2.05693,3.39657,2.32297,0.05177,0,0.00190578,0.00190578,0.00190578
23,2585.1,1.32573,2.17019,1.31882,0.01452,0.7571,0.88744,0.48163,0.51974,0.27637,0.88744,0.48163,0.50273,0.25444,1.93109,2.97328,2.53869,0.04822,0,0.00189675,0.00189675,0.00189675
24,2691.24,1.33672,2.08927,1.25279,0.01443,0.70313,0.81683,0.33061,0.38705,0.18071,0.75551,0.30612,0.32683,0.15252,2.12259,3.45338,2.67131,0.05393,0,0.00188734,0.00188734,0.00188734
25,2796.49,1.36277,2.08323,1.24331,0.0157,0.67414,0.85212,0.43673,0.48178,0.26797,0.82088,0.42041,0.45674,0.28203,1.98227,2.93681,2.22747,0.04916,0,0.00187754,0.00187754,0.00187754
26,2903.05,1.31778,2.11254,1.27623,0.01413,0.7281,0.63194,0.46953,0.45727,0.25189,0.84299,0.36735,0.39994,0.18716,2.04998,3.38655,2.35913,0.05143,0,0.00186737,0.00186737,0.00186737
27,3009.67,1.282,2.0266,1.19831,0.01455,0.69576,0.75209,0.45817,0.48378,0.27239,0.73035,0.44222,0.4578,0.2684,1.93453,2.87146,2.37394,0.04813,0,0.00185681,0.00185681,0.00185681
28,3116.78,1.32367,2.10729,1.25166,0.01429,0.67547,0.75873,0.4449,0.44595,0.15241,0.71186,0.41345,0.36735,0.1676,2.36157,3.16974,2.52192,0.06384,0,0.00184588,0.00184588,0.00184588
29,3224.67,1.29947,2.09434,1.25354,0.01414,0.69846,0.71327,0.45306,0.48412,0.26418,0.70042,0.4449,0.46493,0.27275,2.0714,2.92772,2.29131,0.05207,0,0.00183459,0.00183459,0.00183459
30,3332.57,1.29596,2.13269,1.2941,0.01394,0.7223,0.73733,0.49796,0.49852,0.27136,0.70107,0.47347,0.44817,0.26863,1.959,3.04183,2.20428,0.04825,0,0.00182294,0.00182294,0.00182294
31,3439.25,1.29604,2.03463,1.18951,0.01423,0.68124,0.85848,0.51837,0.54682,0.26833,0.87092,0.46531,0.47765,0.22989,2.18972,2.9766,2.22764,0.05784,0,0.00181093,0.00181093,0.00181093
32,3544.64,1.23607,1.97676,1.15031,0.01329,0.65186,0.80971,0.48571,0.50703,0.29106,0.8327,0.48756,0.5017,0.31459,1.88727,2.78971,2.14994,0.04554,0,0.00179856,0.00179856,0.00179856
33,3651.75,1.2294,2.04631,1.17664,0.01262,0.63533,0.75055,0.47896,0.50611,0.24608,0.74229,0.45852,0.46836,0.23599,2.01036,3.02439,2.31639,0.05262,0,0.00178586,0.00178586,0.00178586
34,3757.96,1.27385,2.07972,1.23004,0.01307,0.62831,0.82955,0.47347,0.47374,0.2414,0.85101,0.48571,0.46946,0.28625,2.14,2.82829,2.26691,0.05309,0,0.00177281,0.00177281,0.00177281
35,3864.94,1.18457,1.96459,1.14707,0.01249,0.66916,0.83472,0.46531,0.49931,0.27901,0.80485,0.44898,0.46485,0.29826,2.04266,2.86929,2.16851,0.05033,0,0.00175943,0.00175943,0.00175943
36,3971.57,1.26964,2.08476,1.22081,0.0133,0.69022,0.81858,0.52245,0.55939,0.27499,0.793,0.50612,0.50782,0.30557,2.00106,2.84211,2.06694,0.05014,0,0.00174571,0.00174571,0.00174571
37,4078.23,1.19411,1.96596,1.12374,0.01281,0.66577,0.7891,0.4898,0.49798,0.27184,0.77528,0.48163,0.47449,0.2751,1.87333,2.84376,2.19146,0.04551,0,0.00173168,0.00173168,0.00173168
38,4183.67,1.20238,1.95883,1.13173,0.01294,0.61008,0.73536,0.49904,0.47862,0.24688,0.72945,0.49522,0.46393,0.26867,1.99959,2.73047,2.35681,0.04828,0,0.00171733,0.00171733,0.00171733
39,4289.18,1.19614,1.98735,1.15399,0.01267,0.67339,0.77865,0.53469,0.53452,0.27642,0.75877,0.52245,0.50222,0.24855,1.99128,3.18895,2.31827,0.0503,0,0.00170267,0.00170267,0.00170267
40,4394.77,1.19813,1.97179,1.16799,0.01226,0.62452,0.87097,0.4449,0.49324,0.25808,0.83705,0.42857,0.45646,0.28982,2.00151,2.96046,2.03802,0.0489,0,0.0016877,0.0016877,0.0016877
41,4500.9,1.21353,2.02626,1.13947,0.01221,0.62093,0.81384,0.46122,0.46775,0.28559,0.81116,0.45586,0.44594,0.27863,1.88986,2.87914,2.3928,0.04481,0,0.00167244,0.00167244,0.00167244
42,4606.05,1.17181,1.92683,1.11564,0.01185,0.60039,0.78301,0.48604,0.50013,0.2636,0.73976,0.4898,0.48523,0.23131,1.95078,2.99656,2.41272,0.04942,0,0.00165689,0.00165689,0.00165689
43,4712.05,1.16912,1.91214,1.11392,0.01202,0.5933,0.78668,0.44898,0.47101,0.24689,0.7763,0.44082,0.44917,0.29695,2.11874,2.80869,2.28325,0.0515,0,0.00164105,0.00164105,0.00164105
44,4816.43,1.21603,1.97261,1.15893,0.01226,0.65827,0.90225,0.49388,0.52877,0.27967,0.8785,0.47755,0.47913,0.25902,1.91557,2.89693,2.13377,0.04566,0,0.00162494,0.00162494,0.00162494
45,4922.49,1.15758,2.07067,1.08838,0.01196,0.64747,0.66024,0.46798,0.47572,0.23926,0.61705,0.44723,0.40926,0.18771,1.96397,3.38848,2.60518,0.04901,0,0.00160855,0.00160855,0.00160855
46,5028.28,1.15376,1.92109,1.08829,0.01168,0.60881,0.81006,0.46939,0.48057,0.27236,0.82836,0.47347,0.46827,0.28243,2.07215,2.9076,2.11275,0.05125,0,0.00159191,0.00159191,0.00159191
47,5132.84,1.15132,1.86354,1.05091,0.01164,0.58391,0.634,0.4449,0.41451,0.23322,0.635,0.42449,0.40034,0.25527,2.04589,3.05477,2.58636,0.04847,0,0.00157501,0.00157501,0.00157501
48,5237.81,1.14142,1.84497,1.05635,0.01217,0.58851,0.76942,0.48571,0.51653,0.28106,0.76296,0.48163,0.47672,0.27014,1.9986,2.99735,2.16184,0.04853,0,0.00155786,0.00155786,0.00155786
49,5344.97,1.13494,1.86896,1.06884,0.01134,0.58188,0.89013,0.45714,0.50937,0.2472,0.86594,0.4449,0.47086,0.28104,2.00892,3.15099,2.1382,0.04986,0,0.00154047,0.00154047,0.00154047
50,5458.86,1.11533,1.91129,1.0791,0.01128,0.57958,0.79859,0.46122,0.47556,0.2753,0.76279,0.44082,0.43816,0.28513,1.91224,2.99776,2.1948,0.04531,0,0.00152285,0.00152285,0.00152285
51,5567.61,1.12376,1.91234,1.05243,0.01123,0.5694,0.77567,0.51429,0.50878,0.29737,0.77132,0.50938,0.49251,0.2968,1.7963,2.89584,2.10662,0.04189,0,0.001505,0.001505,0.001505
52,5671.56,1.07263,1.78801,1.02811,0.01073,0.57176,0.75054,0.47892,0.48337,0.26381,0.72608,0.46523,0.46322,0.27274,1.90642,2.97013,2.20296,0.0447,0,0.00148694,0.00148694,0.00148694
53,5774.84,1.09718,1.85194,1.0845,0.01064,0.60332,0.7534,0.46122,0.48841,0.2624,0.76541,0.46531,0.46928,0.29507,2.08026,2.87621,2.28886,0.05116,0,0.00146866,0.00146866,0.00146866
54,5878.01,1.10387,1.87181,1.08102,0.01072,0.5737,0.88624,0.45714,0.5074,0.28327,0.85459,0.44082,0.47361,0.26683,1.93609,3.11392,2.18418,0.04701,0,0.00145019,0.00145019,0.00145019
55,5983.04,1.12009,1.8399,1.0577,0.01098,0.56323,0.77947,0.47608,0.50592,0.29358,0.8136,0.44898,0.47159,0.30239,1.91437,2.84449,2.30976,0.0469,0,0.00143152,0.00143152,0.00143152
56,6090.19,1.08146,1.79177,1.02285,0.01083,0.54501,0.71952,0.47755,0.51005,0.28147,0.77697,0.4449,0.48373,0.31147,1.97091,2.88913,2.15152,0.04709,0,0.00141267,0.00141267,0.00141267
57,6194.82,1.08848,1.79266,1.02153,0.01068,0.52162,0.87801,0.47006,0.53436,0.29569,0.85399,0.45306,0.497,0.28498,1.84454,2.9737,2.04459,0.04411,0,0.00139364,0.00139364,0.00139364
58,6300.27,1.06258,1.7568,1.0067,0.01063,0.52289,0.82504,0.43673,0.49013,0.29916,0.77742,0.44082,0.47709,0.31428,1.87001,2.90448,2.06485,0.04368,0,0.00137444,0.00137444,0.00137444
59,6407.14,1.05062,1.7789,1.00414,0.01025,0.53464,0.80508,0.49388,0.53096,0.31516,0.77788,0.47755,0.47908,0.30796,1.78251,2.9042,1.95362,0.04101,0,0.00135509,0.00135509,0.00135509
60,6516.46,1.02348,1.69408,0.97638,0.01055,0.51255,0.77087,0.3433,0.4204,0.23726,0.77087,0.3433,0.40479,0.2325,1.88545,3.18842,2.32918,0.04432,0,0.00133558,0.00133558,0.00133558
61,6621.48,1.05144,1.82539,1.037,0.01023,0.54358,0.72804,0.47347,0.4861,0.29272,0.72252,0.46531,0.45452,0.29494,1.86053,2.93459,2.22908,0.04225,0,0.00131593,0.00131593,0.00131593
62,6727.11,1.00565,1.70529,0.97091,0.00987,0.50205,0.82688,0.44841,0.4727,0.2841,0.79351,0.43265,0.43462,0.28216,1.87943,3.20169,2.10858,0.0439,0,0.00129614,0.00129614,0.00129614
63,6832.85,1.01249,1.66595,0.96992,0.00986,0.48501,0.90317,0.45684,0.50225,0.26623,0.88685,0.44788,0.47924,0.25547,1.97249,3.06024,2.5353,0.04724,0,0.00127623,0.00127623,0.00127623
64,6938.68,1.02984,1.73155,0.96078,0.00939,0.49614,0.73173,0.43419,0.45829,0.25506,0.79528,0.43265,0.45956,0.28633,1.95524,2.91171,2.19244,0.04516,0,0.0012562,0.0012562,0.0012562
65,7043.85,1.04876,1.7319,1.00431,0.00981,0.52073,0.80808,0.44684,0.49475,0.28572,0.88543,0.45306,0.48215,0.30824,1.8395,3.12299,2.22535,0.04268,0,0.00123607,0.00123607,0.00123607
66,7149.65,0.9978,1.68397,0.95451,0.00974,0.5212,0.78205,0.45306,0.48676,0.28458,0.78951,0.42449,0.45633,0.29214,1.88238,2.9628,2.17456,0.04469,0,0.00121583,0.00121583,0.00121583
67,7255.71,1.02254,1.77487,1.03988,0.00922,0.54222,0.76506,0.47755,0.4972,0.26672,0.7,0.44898,0.45119,0.24713,1.97236,3.13923,2.39897,0.04773,0,0.00119551,0.00119551,0.00119551
68,7361.62,1.02098,1.69462,0.96221,0.00982,0.52948,0.80207,0.49388,0.52264,0.29153,0.78275,0.46531,0.49065,0.27151,1.94259,3.0198,2.09026,0.04696,0,0.0011751,0.0011751,0.0011751
69,7466.44,1.00761,1.7071,0.95686,0.00962,0.52777,0.88792,0.44082,0.50922,0.28279,0.7118,0.46531,0.46418,0.30496,1.86901,2.97009,2.18775,0.04474,0,0.00115462,0.00115462,0.00115462
70,7571.64,1.01661,1.74005,1.00877,0.00906,0.52756,0.73748,0.45867,0.4831,0.28922,0.71303,0.45638,0.46314,0.30607,1.85274,2.97217,2.2157,0.04316,0,0.00113408,0.00113408,0.00113408
71,7677.45,1.05466,1.73435,1.03806,0.01035,0.56566,0.91405,0.44082,0.47795,0.28841,0.8861,0.42857,0.46482,0.31284,1.90946,3.15361,2.11684,0.04418,0,0.00111348,0.00111348,0.00111348
72,7782.2,0.99127,1.68372,0.93736,0.00915,0.4734,0.65687,0.47755,0.4771,0.27315,0.57938,0.45306,0.44233,0.27576,1.83712,3.12253,2.18933,0.04337,0,0.00109284,0.00109284,0.00109284
73,7886.95,0.98725,1.67235,0.93705,0.00948,0.49879,0.824,0.45863,0.49601,0.30156,0.80939,0.45063,0.4809,0.31737,1.81011,3.00103,2.11083,0.04061,0,0.00107216,0.00107216,0.00107216
74,8042.32,0.96684,1.64025,0.92656,0.00927,0.47834,0.84541,0.44644,0.50196,0.30284,0.81454,0.43024,0.48619,0.31095,1.74443,2.9936,2.13465,0.03962,0,0.00105146,0.00105146,0.00105146
75,8201.94,0.98696,1.66873,0.94219,0.00923,0.49335,0.70747,0.4898,0.48806,0.29386,0.71337,0.49388,0.48751,0.30499,1.86101,2.92112,2.11442,0.04305,0,0.00103073,0.00103073,0.00103073
76,8314.05,0.95961,1.59091,0.91213,0.00894,0.47995,0.61194,0.48163,0.48826,0.28359,0.56242,0.45714,0.44539,0.2665,1.86211,3.24994,2.11671,0.04444,0,0.00101,0.00101,0.00101
77,8425.81,0.93731,1.61632,0.91484,0.00877,0.47008,0.75674,0.46122,0.4973,0.30079,0.76097,0.46531,0.48836,0.31799,1.84893,3.06363,2.21778,0.04276,0,0.000989267,0.000989267,0.000989267
78,8537.12,0.92475,1.56772,0.86158,0.00884,0.47678,0.58406,0.52245,0.47802,0.28747,0.58632,0.5102,0.46686,0.28507,1.82191,3.25811,2.26253,0.04417,0,0.000968543,0.000968543,0.000968543
79,8651.75,0.93857,1.62886,0.91133,0.00862,0.45161,0.87365,0.48163,0.5194,0.29654,0.69231,0.51428,0.48506,0.29219,1.81706,3.07054,2.18394,0.04262,0,0.000947837,0.000947837,0.000947837
80,8812.78,0.97102,1.60677,0.93658,0.0088,0.46329,0.72795,0.53061,0.51312,0.31423,0.69474,0.51091,0.47782,0.30956,1.78315,2.9639,2.10471,0.04089,0,0.000927159,0.000927159,0.000927159
81,8952.36,0.94887,1.59931,0.88832,0.00869,0.46005,0.70672,0.46531,0.48034,0.29127,0.78411,0.43673,0.46179,0.30432,1.83297,2.9339,2.30083,0.04265,0,0.000906517,0.000906517,0.000906517
82,9092.86,0.93772,1.55077,0.88281,0.0091,0.48905,0.8217,0.47026,0.48482,0.29307,0.77031,0.49278,0.47983,0.30852,1.8902,2.89132,2.3013,0.04401,0,0.00088592,0.00088592,0.00088592
83,9230.51,0.95941,1.62426,0.9151,0.00849,0.45719,0.71216,0.45714,0.47402,0.29235,0.71385,0.44898,0.46703,0.29175,1.73045,3.04624,2.36637,0.03979,0,0.000865378,0.000865378,0.000865378
84,9365.77,0.95702,1.60668,0.90381,0.00857,0.43266,0.836,0.45714,0.4879,0.28485,0.75629,0.47755,0.47647,0.28729,1.8111,3.08721,2.16603,0.04296,0,0.000844899,0.000844899,0.000844899
85,9505.5,0.94142,1.59584,0.87433,0.00847,0.43524,0.79574,0.4449,0.49162,0.29662,0.80304,0.44898,0.48429,0.31088,1.75781,2.9087,2.17844,0.04005,0,0.000824492,0.000824492,0.000824492
86,9634.3,0.90483,1.53613,0.86031,0.00838,0.4687,0.67985,0.50204,0.49094,0.28674,0.67122,0.4898,0.46592,0.30002,1.83441,3.03309,2.39895,0.04177,0,0.000804167,0.000804167,0.000804167
87,9772.26,0.88209,1.53652,0.83957,0.00785,0.42438,0.69451,0.4898,0.49535,0.31569,0.79199,0.4449,0.47786,0.31542,1.74529,3.22787,2.10356,0.0384,0,0.000783933,0.000783933,0.000783933
88,9909.41,0.94358,1.56468,0.89801,0.00842,0.45144,0.76036,0.44898,0.49215,0.31947,0.75323,0.44898,0.47949,0.3096,1.73104,3.16012,2.31241,0.03886,0,0.000763797,0.000763797,0.000763797
89,10047.6,0.92433,1.56985,0.88207,0.00823,0.43956,0.86741,0.42723,0.49828,0.30934,0.84952,0.43673,0.48112,0.29986,1.7086,3.24907,2.27131,0.03785,0,0.000743769,0.000743769,0.000743769
90,10193.2,0.9221,1.59657,0.89847,0.00815,0.44922,0.82191,0.43673,0.49107,0.31015,0.80374,0.42857,0.46002,0.31584,1.75684,3.11685,2.11333,0.03963,0,0.000723859,0.000723859,0.000723859
91,10336.2,0.91221,1.55904,0.82086,0.00822,0.41424,0.86418,0.43265,0.477,0.29634,0.85603,0.42857,0.46873,0.30427,1.79846,3.00362,2.1131,0.04092,0,0.000704073,0.000704073,0.000704073
92,10473,0.88567,1.48402,0.81118,0.00786,0.40754,0.75059,0.46122,0.4915,0.28851,0.78447,0.42449,0.45152,0.27859,1.89451,3.14575,2.33236,0.04449,0,0.000684422,0.000684422,0.000684422
93,10603.5,0.88522,1.48805,0.82588,0.00807,0.44505,0.80282,0.43207,0.48989,0.30457,0.80282,0.43207,0.47831,0.30663,1.77153,3.06374,2.15208,0.04016,0,0.000664914,0.000664914,0.000664914
94,10740.9,0.90431,1.53754,0.84798,0.00799,0.46078,0.77149,0.46531,0.50647,0.30406,0.82558,0.44434,0.48964,0.31644,1.79588,3.06114,2.11261,0.04149,0,0.000645557,0.000645557,0.000645557
95,10935.7,0.88698,1.50406,0.81904,0.00764,0.43373,0.82695,0.45306,0.50754,0.30742,0.82268,0.43556,0.47766,0.30484,1.74651,3.05436,2.14439,0.03908,0,0.00062636,0.00062636,0.00062636
96,11058.7,0.86254,1.45872,0.80759,0.00721,0.40875,0.85146,0.4449,0.49993,0.29941,0.83583,0.43673,0.48022,0.30992,1.80091,3.16654,2.2322,0.04052,0,0.000607331,0.000607331,0.000607331
97,11171.9,0.83192,1.42095,0.77272,0.00742,0.42168,0.78598,0.42449,0.45401,0.27932,0.76998,0.40816,0.43256,0.28259,1.80479,3.12252,2.29254,0.04059,0,0.000588479,0.000588479,0.000588479
98,11285.5,0.87849,1.51205,0.83325,0.00771,0.44007,0.81737,0.4449,0.46315,0.29784,0.82078,0.4449,0.4529,0.29012,1.69305,3.06358,2.21563,0.03756,0,0.000569811,0.000569811,0.000569811
99,11399.1,0.85695,1.42887,0.78294,0.00739,0.404,0.84036,0.43673,0.48552,0.30175,0.82134,0.42857,0.4627,0.29493,1.68721,3.09391,2.21212,0.03754,0,0.000551337,0.000551337,0.000551337
100,11513.9,0.83866,1.40663,0.77661,0.00713,0.39829,0.81997,0.46477,0.50815,0.30926,0.81006,0.4526,0.48074,0.30777,1.70525,3.27113,2.21292,0.03823,0,0.000533064,0.000533064,0.000533064
101,11637.4,0.86231,1.43893,0.82096,0.0074,0.41717,0.81528,0.42041,0.48451,0.28312,0.83111,0.42857,0.4734,0.30477,1.81985,3.25274,2.19855,0.04126,0,0.000515,0.000515,0.000515
102,11764.2,0.83998,1.43159,0.78475,0.00733,0.41531,0.90326,0.41923,0.48536,0.3088,0.90326,0.41923,0.47692,0.30874,1.70445,3.08453,2.23071,0.03781,0,0.000497153,0.000497153,0.000497153
103,11912.7,0.82386,1.40137,0.75631,0.00717,0.40792,0.84334,0.44082,0.48409,0.30914,0.84828,0.42857,0.46576,0.30301,1.74016,3.05417,2.16988,0.03875,0,0.000479531,0.000479531,0.000479531
104,12054,0.84777,1.44976,0.78285,0.00718,0.41839,0.85702,0.43673,0.48217,0.26333,0.83892,0.42449,0.45818,0.28449,1.82057,3.03633,2.31291,0.04231,0,0.000462142,0.000462142,0.000462142
105,12195.4,0.86129,1.46969,0.81613,0.00768,0.49463,0.84359,0.44898,0.49417,0.307,0.83544,0.4449,0.48077,0.30558,1.7797,3.27168,2.12951,0.03947,0,0.000444994,0.000444994,0.000444994
106,12338.5,0.85904,1.44514,0.80978,0.00722,0.39843,0.80555,0.44898,0.49653,0.30036,0.84442,0.43673,0.47423,0.30243,1.75074,3.29297,2.12363,0.0399,0,0.000428093,0.000428093,0.000428093
107,12472.7,0.83098,1.42366,0.77388,0.0067,0.39769,0.79192,0.46122,0.49877,0.30388,0.78491,0.45714,0.48054,0.30747,1.69335,3.20797,2.31076,0.03755,0,0.000411447,0.000411447,0.000411447
108,12611.9,0.81124,1.35751,0.75779,0.00689,0.36204,0.711,0.47755,0.50055,0.31067,0.7786,0.43265,0.47553,0.30992,1.775,3.24041,2.15813,0.03903,0,0.000395064,0.000395064,0.000395064
109,12752.7,0.81921,1.39845,0.77035,0.00706,0.42991,0.84954,0.4449,0.50105,0.32172,0.83851,0.44082,0.4882,0.31486,1.76024,3.20167,2.12746,0.04,0,0.00037895,0.00037895,0.00037895
110,12888.8,0.81324,1.38861,0.73484,0.00696,0.39742,0.74919,0.51429,0.51865,0.31362,0.71334,0.49388,0.49119,0.29469,1.69287,3.27771,2.26033,0.03832,0,0.000363114,0.000363114,0.000363114
111,13000.7,0.7819,1.31182,0.70805,0.00686,0.38826,0.84184,0.43673,0.49776,0.31398,0.83397,0.43265,0.46921,0.30108,1.73518,3.30107,2.18987,0.0381,0,0.000347561,0.000347561,0.000347561
112,13120.9,0.79237,1.32845,0.73546,0.00663,0.36528,0.81039,0.43612,0.48115,0.30593,0.81083,0.42449,0.46151,0.2953,1.71731,3.21041,2.1704,0.03841,0,0.000332298,0.000332298,0.000332298
113,13247.2,0.80713,1.38234,0.74136,0.00682,0.37527,0.83964,0.42041,0.47779,0.30461,0.85487,0.42449,0.45809,0.30349,1.84253,3.24384,2.09376,0.04368,0,0.000317333,0.000317333,0.000317333
114,13352.1,0.78167,1.30733,0.7133,0.00661,0.38742,0.85727,0.4449,0.50119,0.30529,0.83351,0.42857,0.46618,0.29777,1.85191,3.2971,1.99293,0.04389,0,0.000302672,0.000302672,0.000302672
115,13457.4,0.79385,1.37361,0.73787,0.00646,0.37427,0.74148,0.5102,0.52267,0.32074,0.73878,0.50612,0.49846,0.30565,1.78227,3.30481,2.00092,0.04192,0,0.000288321,0.000288321,0.000288321
116,13564.1,0.77929,1.3186,0.70557,0.00644,0.35463,0.78843,0.47347,0.51523,0.32441,0.78843,0.47347,0.49763,0.30993,1.7507,3.19271,2.09143,0.04043,0,0.000274287,0.000274287,0.000274287
117,13670.4,0.79206,1.32235,0.7409,0.00655,0.36113,0.84397,0.40408,0.48185,0.30085,0.84397,0.40408,0.4571,0.2943,1.73866,3.30261,2.20932,0.04005,0,0.000260575,0.000260575,0.000260575
118,13784.6,0.77321,1.36666,0.72594,0.00642,0.37365,0.8334,0.42857,0.48607,0.30464,0.84629,0.42698,0.47667,0.3016,1.75871,3.22402,2.172,0.04014,0,0.000247192,0.000247192,0.000247192
119,13923.3,0.77567,1.34319,0.71685,0.00632,0.36623,0.83489,0.4449,0.50152,0.32208,0.8599,0.44082,0.48393,0.3112,1.69972,3.23797,2.24935,0.03818,0,0.000234143,0.000234143,0.000234143
120,14071.6,0.77996,1.32907,0.73058,0.00632,0.39856,0.85584,0.43673,0.49805,0.31337,0.85584,0.43673,0.479,0.30221,1.75348,3.2561,2.1162,0.03959,0,0.000221435,0.000221435,0.000221435
121,14188.5,0.78194,1.29651,0.69305,0.00638,0.34479,0.77524,0.4646,0.50409,0.32503,0.78175,0.46784,0.47867,0.31332,1.72932,3.28725,2.2265,0.0387,0,0.000209073,0.000209073,0.000209073
122,235.326,0.76316,1.28018,0.70059,0.00643,0.34865,0.75395,0.45714,0.49543,0.32105,0.74988,0.45278,0.47501,0.31124,1.72726,3.21068,2.1642,0.03966,0,0.000197062,0.000197062,0.000197062
123,340.382,0.76921,1.31685,0.68813,0.00654,0.38276,0.81513,0.43673,0.50593,0.32585,0.82819,0.44082,0.47946,0.31682,1.74028,3.27548,2.19594,0.03936,0,0.000185408,0.000185408,0.000185408
124,446.204,0.78057,1.32957,0.72401,0.00635,0.37864,0.79419,0.44082,0.48909,0.31826,0.80511,0.44082,0.481,0.31118,1.70049,3.17122,2.22199,0.03806,0,0.000174115,0.000174115,0.000174115
125,551.771,0.75539,1.28586,0.70627,0.00607,0.37129,0.80688,0.43265,0.48121,0.3083,0.80688,0.43265,0.46969,0.30196,1.76103,3.38201,2.18618,0.03943,0,0.000163189,0.000163189,0.000163189
126,657.344,0.76611,1.28382,0.67414,0.00596,0.38099,0.79348,0.4449,0.48922,0.31021,0.81842,0.42857,0.47222,0.30354,1.75963,3.19394,2.20969,0.04017,0,0.000152635,0.000152635,0.000152635
127,761.561,0.7545,1.29707,0.66225,0.0064,0.3599,0.7949,0.46531,0.49607,0.31773,0.75414,0.45306,0.47709,0.31144,1.74005,3.22309,2.17945,0.03942,0,0.000142456,0.000142456,0.000142456
128,867.02,0.70991,1.23773,0.6499,0.0061,0.36091,0.79143,0.44082,0.48242,0.31344,0.7841,0.43673,0.46443,0.30273,1.7216,3.29628,2.23107,0.03834,0,0.000132658,0.000132658,0.000132658
129,971.359,0.76399,1.33421,0.70965,0.00594,0.41096,0.7277,0.45813,0.48098,0.31371,0.72145,0.45458,0.4611,0.30119,1.73564,3.36908,2.18715,0.03847,0,0.000123245,0.000123245,0.000123245
130,1076.29,0.78396,1.32655,0.71793,0.00617,0.37046,0.80619,0.43673,0.47851,0.31027,0.79838,0.43265,0.46251,0.29652,1.72931,3.39899,2.21216,0.03881,0,0.000114221,0.000114221,0.000114221
131,1182.02,0.757,1.29371,0.70568,0.00583,0.34292,0.77815,0.44898,0.48281,0.30722,0.764,0.44082,0.4657,0.29939,1.71271,3.24569,2.19452,0.03859,0,0.00010559,0.00010559,0.00010559
132,1289.17,0.74438,1.25598,0.67634,0.00603,0.33365,0.77431,0.44812,0.48477,0.30794,0.76729,0.44413,0.47216,0.30559,1.72546,3.32365,2.12841,0.03867,0,9.73555e-05,9.73555e-05,9.73555e-05
133,1392.66,0.74242,1.25904,0.67591,0.00604,0.34708,0.80553,0.43957,0.4774,0.30694,0.80456,0.43687,0.46649,0.30144,1.71036,3.19451,2.20254,0.03825,0,8.95213e-05,8.95213e-05,8.95213e-05
134,1498.01,0.76244,1.31051,0.70392,0.00605,0.37219,0.83854,0.4449,0.48483,0.31177,0.83029,0.44082,0.46944,0.29598,1.72399,3.26216,2.17459,0.03907,0,8.20908e-05,8.20908e-05,8.20908e-05
135,1606.9,0.79376,1.36038,0.72955,0.00601,0.36647,0.8125,0.45306,0.48537,0.31,0.79701,0.4449,0.46992,0.29629,1.72465,3.2725,2.17853,0.03887,0,7.50674e-05,7.50674e-05,7.50674e-05
136,1725.81,0.78528,1.27415,0.80263,0.00842,0.28272,0.75409,0.42041,0.47414,0.30506,0.78169,0.42041,0.45739,0.29319,1.74809,3.34876,2.17313,0.03967,0,6.8454e-05,6.8454e-05,6.8454e-05
137,1828.97,0.79252,1.31488,0.78024,0.00813,0.26768,0.70184,0.46939,0.48675,0.31217,0.69266,0.46122,0.47506,0.29881,1.73072,3.27044,2.20345,0.03893,0,6.22537e-05,6.22537e-05,6.22537e-05
138,1931.32,0.80389,1.34671,0.78659,0.00811,0.27348,0.65596,0.46939,0.49304,0.31476,0.72626,0.43673,0.47728,0.30037,1.77204,3.29038,2.2063,0.04006,0,5.64691e-05,5.64691e-05,5.64691e-05
139,2036.44,0.76543,1.26753,0.74329,0.00791,0.26322,0.73514,0.44898,0.49411,0.31411,0.78696,0.42041,0.47214,0.30364,1.76979,3.24736,2.15853,0.03968,0,5.11027e-05,5.11027e-05,5.11027e-05
140,2137.32,0.7501,1.219,0.70511,0.00758,0.25657,0.7699,0.42449,0.48345,0.31164,0.7699,0.42449,0.46613,0.30196,1.75963,3.23512,2.16889,0.03942,0,4.61569e-05,4.61569e-05,4.61569e-05
141,2238.96,0.76798,1.24821,0.74075,0.00784,0.26019,0.76968,0.43648,0.48292,0.31008,0.76968,0.43648,0.4654,0.30033,1.76587,3.23524,2.16179,0.03974,0,4.16339e-05,4.16339e-05,4.16339e-05
142,2341.32,0.75767,1.24112,0.73185,0.00757,0.25901,0.77526,0.42857,0.48466,0.30849,0.77526,0.42857,0.46601,0.29962,1.78,3.23581,2.18651,0.0403,0,3.75356e-05,3.75356e-05,3.75356e-05
143,2444.66,0.74507,1.23755,0.72473,0.00748,0.26453,0.77393,0.44082,0.49693,0.31101,0.73584,0.44082,0.46916,0.30032,1.77101,3.24233,2.16543,0.03995,0,3.38639e-05,3.38639e-05,3.38639e-05
144,2546.49,0.76305,1.24465,0.72759,0.00753,0.24739,0.73455,0.44898,0.49645,0.31081,0.7486,0.4449,0.46996,0.30229,1.78056,3.25454,2.14811,0.04013,0,3.06204e-05,3.06204e-05,3.06204e-05
145,2649.02,0.77145,1.25182,0.74578,0.00809,0.26856,0.77472,0.45714,0.50298,0.31306,0.76347,0.4449,0.46749,0.30448,1.76136,3.24873,2.15268,0.03955,0,2.78064e-05,2.78064e-05,2.78064e-05
146,2752.9,0.76414,1.27271,0.72406,0.00757,0.25762,0.76764,0.44499,0.49351,0.31017,0.7606,0.4409,0.46695,0.29969,1.77775,3.25668,2.16258,0.04012,0,2.54233e-05,2.54233e-05,2.54233e-05
147,2856.02,0.74155,1.2404,0.70864,0.0073,0.24594,0.76257,0.44082,0.49187,0.3105,0.75504,0.43673,0.46526,0.29873,1.77188,3.24904,2.1617,0.03978,0,2.34721e-05,2.34721e-05,2.34721e-05
148,2960.29,0.75639,1.24787,0.74258,0.00819,0.26459,0.7836,0.44339,0.49498,0.31063,0.76949,0.43603,0.46114,0.29817,1.7791,3.2534,2.15295,0.04026,0,2.19535e-05,2.19535e-05,2.19535e-05
149,3063.02,0.74451,1.2412,0.73355,0.00747,0.24665,0.78763,0.4449,0.49437,0.31033,0.77201,0.43673,0.46119,0.29774,1.77367,3.25475,2.1631,0.04,0,2.08684e-05,2.08684e-05,2.08684e-05
150,3167.56,0.72411,1.19829,0.71384,0.00723,0.26366,0.77283,0.44082,0.49433,0.31196,0.7574,0.43265,0.46126,0.30216,1.7626,3.26059,2.17183,0.0398,0,2.02171e-05,2.02171e-05,2.02171e-05
