split,image,closest_train_image,hamming_dist
val,/workspace/Boreal-Forest-Fire/Boreal-Forest-Fire-Subset-A/Evo-Images/evoDJI_0009_frame0.jpg,/workspace/Boreal-Forest-Fire/Boreal-Forest-Fire-Subset-A/Evo-Images/evoDJI_0007_frame327.jpg,4
val,/workspace/Boreal-Forest-Fire/Boreal-Forest-Fire-Subset-A/Karkkila-Images/karkkila_DJI_0005_frame0.jpg,/workspace/Boreal-Forest-Fire/Boreal-Forest-Fire-Subset-A/Karkkila-Images/karkkila_DJI_0004_frame170.jpg,3
val,/workspace/Boreal-Forest-Fire/Boreal-Forest-Fire-Subset-A/Karkkila-Images/karkkila_DJI_0005_frame1.jpg,/workspace/Boreal-Forest-Fire/Boreal-Forest-Fire-Subset-A/Karkkila-Images/karkkila_DJI_0004_frame170.jpg,6
val,/workspace/Boreal-Forest-Fire/Boreal-Forest-Fire-Subset-A/Karkkila-Images/karkkila_DJI_0005_frame126.jpg,/workspace/Boreal-Forest-Fire/Boreal-Forest-Fire-Subset-A/Karkkila-Images/karkkila_DJI_0006_frame23.jpg,6
val,/workspace/Boreal-Forest-Fire/Boreal-Forest-Fire-Subset-A/Karkkila-Images/karkkila_DJI_0005_frame136.jpg,/workspace/Boreal-Forest-Fire/Boreal-Forest-Fire-Subset-A/Karkkila-Images/karkkila_DJI_0006_frame5.jpg,6
val,/workspace/Boreal-Forest-Fire/Boreal-Forest-Fire-Subset-A/Karkkila-Images/karkkila_DJI_0005_frame157.jpg,/workspace/Boreal-Forest-Fire/Boreal-Forest-Fire-Subset-A/Karkkila-Images/karkkila_DJI_0006_frame1.jpg,6
val,/workspace/Boreal-Forest-Fire/Boreal-Forest-Fire-Subset-A/Karkkila-Images/karkkila_DJI_0005_frame158.jpg,/workspace/Boreal-Forest-Fire/Boreal-Forest-Fire-Subset-A/Karkkila-Images/karkkila_DJI_0006_frame1.jpg,6
val,/workspace/Boreal-Forest-Fire/Boreal-Forest-Fire-Subset-A/Karkkila-Images/karkkila_DJI_0005_frame159.jpg,/workspace/Boreal-Forest-Fire/Boreal-Forest-Fire-Subset-A/Karkkila-Images/karkkila_DJI_0006_frame3.jpg,6
val,/workspace/Boreal-Forest-Fire/Boreal-Forest-Fire-Subset-A/Karkkila-Images/karkkila_DJI_0005_frame160.jpg,/workspace/Boreal-Forest-Fire/Boreal-Forest-Fire-Subset-A/Karkkila-Images/karkkila_DJI_0006_frame3.jpg,6
val,/workspace/Boreal-Forest-Fire/Boreal-Forest-Fire-Subset-A/Karkkila-Images/karkkila_DJI_0005_frame161.jpg,/workspace/Boreal-Forest-Fire/Boreal-Forest-Fire-Subset-A/Karkkila-Images/karkkila_DJI_0006_frame1.jpg,5
val,/workspace/Boreal-Forest-Fire/Boreal-Forest-Fire-Subset-A/Karkkila-Images/karkkila_DJI_0005_frame169.jpg,/workspace/Boreal-Forest-Fire/Boreal-Forest-Fire-Subset-A/Karkkila-Images/karkkila_DJI_0006_frame0.jpg,6
val,/workspace/Boreal-Forest-Fire/Boreal-Forest-Fire-Subset-A/Karkkila-Images/karkkila_DJI_0005_frame170.jpg,/workspace/Boreal-Forest-Fire/Boreal-Forest-Fire-Subset-A/Karkkila-Images/karkkila_DJI_0006_frame0.jpg,3
val,/workspace/Boreal-Forest-Fire/Boreal-Forest-Fire-Subset-A/Karkkila-Images/karkkila_DJI_0005_frame2.jpg,/workspace/Boreal-Forest-Fire/Boreal-Forest-Fire-Subset-A/Karkkila-Images/karkkila_DJI_0004_frame169.jpg,5
val,/workspace/Boreal-Forest-Fire/Boreal-Forest-Fire-Subset-A/Karkkila-Images/karkkila_DJI_0005_frame3.jpg,/workspace/Boreal-Forest-Fire/Boreal-Forest-Fire-Subset-A/Karkkila-Images/karkkila_DJI_0004_frame169.jpg,6
val,/workspace/Boreal-Forest-Fire/Boreal-Forest-Fire-Subset-A/Karkkila-Images/karkkila_DJI_0005_frame65.jpg,/workspace/Boreal-Forest-Fire/Boreal-Forest-Fire-Subset-A/Karkkila-Images/karkkila_DJI_0006_frame52.jpg,6
val,/workspace/Boreal-Forest-Fire/Boreal-Forest-Fire-Subset-A/Ruokolahti-Images/ruokolahti_DJI_0087_frame0.jpg,/workspace/Boreal-Forest-Fire/Boreal-Forest-Fire-Subset-A/Ruokolahti-Images/ruokolahti_DJI_0086_frame327.jpg,0
val,/workspace/Boreal-Forest-Fire/Boreal-Forest-Fire-Subset-A/Ruokolahti-Images/ruokolahti_DJI_0087_frame1.jpg,/workspace/Boreal-Forest-Fire/Boreal-Forest-Fire-Subset-A/Ruokolahti-Images/ruokolahti_DJI_0086_frame327.jpg,4
val,/workspace/Boreal-Forest-Fire/Boreal-Forest-Fire-Subset-A/Ruokolahti-Images/ruokolahti_DJI_0087_frame10.jpg,/workspace/Boreal-Forest-Fire/Boreal-Forest-Fire-Subset-A/Ruokolahti-Images/ruokolahti_DJI_0086_frame86.jpg,6
val,/workspace/Boreal-Forest-Fire/Boreal-Forest-Fire-Subset-A/Ruokolahti-Images/ruokolahti_DJI_0087_frame11.jpg,/workspace/Boreal-Forest-Fire/Boreal-Forest-Fire-Subset-A/Ruokolahti-Images/ruokolahti_DJI_0086_frame86.jpg,6
val,/workspace/Boreal-Forest-Fire/Boreal-Forest-Fire-Subset-A/Ruokolahti-Images/ruokolahti_DJI_0087_frame52.jpg,/workspace/Boreal-Forest-Fire/Boreal-Forest-Fire-Subset-A/Ruokolahti-Images/ruokolahti_DJI_0086_frame317.jpg,6
test,/workspace/Boreal-Forest-Fire/Boreal-Forest-Fire-Subset-A/Evo-Images/evoDJI_0001_frame30.jpg,/workspace/Boreal-Forest-Fire/Boreal-Forest-Fire-Subset-A/Evo-Images/evoDJI_0007_frame305.jpg,6
test,/workspace/Boreal-Forest-Fire/Boreal-Forest-Fire-Subset-A/Evo-Images/evoDJI_0001_frame306.jpg,/workspace/Boreal-Forest-Fire/Boreal-Forest-Fire-Subset-A/Empty-Images/heinola_DJI_0048_frame188.jpg,6
test,/workspace/Boreal-Forest-Fire/Boreal-Forest-Fire-Subset-A/Evo-Images/evoDJI_0001_frame325.jpg,/workspace/Boreal-Forest-Fire/Boreal-Forest-Fire-Subset-A/Evo-Images/evoDJI_0007_frame0.jpg,6
test,/workspace/Boreal-Forest-Fire/Boreal-Forest-Fire-Subset-A/Evo-Images/evoDJI_0001_frame326.jpg,/workspace/Boreal-Forest-Fire/Boreal-Forest-Fire-Subset-A/Evo-Images/evoDJI_0007_frame0.jpg,6
test,/workspace/Boreal-Forest-Fire/Boreal-Forest-Fire-Subset-A/Evo-Images/evoDJI_0001_frame327.jpg,/workspace/Boreal-Forest-Fire/Boreal-Forest-Fire-Subset-A/Evo-Images/evoDJI_0007_frame0.jpg,0
test,/workspace/Boreal-Forest-Fire/Boreal-Forest-Fire-Subset-A/Karkkila-Images/karkkila_DJI_0003_frame0.jpg,/workspace/Boreal-Forest-Fire/Boreal-Forest-Fire-Subset-A/Karkkila-Images/karkkila_DJI_0002_frame170.jpg,1
test,/workspace/Boreal-Forest-Fire/Boreal-Forest-Fire-Subset-A/Karkkila-Images/karkkila_DJI_0003_frame1.jpg,/workspace/Boreal-Forest-Fire/Boreal-Forest-Fire-Subset-A/Karkkila-Images/karkkila_DJI_0002_frame170.jpg,4
test,/workspace/Boreal-Forest-Fire/Boreal-Forest-Fire-Subset-A/Ruokolahti-Images/ruokolahti_DJI_0088_frame324.jpg,/workspace/Boreal-Forest-Fire/Boreal-Forest-Fire-Subset-A/Ruokolahti-Images/ruokolahti_DJI_0089_frame0.jpg,5
test,/workspace/Boreal-Forest-Fire/Boreal-Forest-Fire-Subset-A/Ruokolahti-Images/ruokolahti_DJI_0088_frame325.jpg,/workspace/Boreal-Forest-Fire/Boreal-Forest-Fire-Subset-A/Ruokolahti-Images/ruokolahti_DJI_0089_frame0.jpg,3
test,/workspace/Boreal-Forest-Fire/Boreal-Forest-Fire-Subset-A/Ruokolahti-Images/ruokolahti_DJI_0088_frame326.jpg,/workspace/Boreal-Forest-Fire/Boreal-Forest-Fire-Subset-A/Ruokolahti-Images/ruokolahti_DJI_0089_frame0.jpg,2
test,/workspace/Boreal-Forest-Fire/Boreal-Forest-Fire-Subset-A/Ruokolahti-Images/ruokolahti_DJI_0088_frame327.jpg,/workspace/Boreal-Forest-Fire/Boreal-Forest-Fire-Subset-A/Ruokolahti-Images/ruokolahti_DJI_0089_frame0.jpg,0
