clip,has_smoke,frames,tracks,strong,weak,median_len,max_len
evo_1,true,130,3,2,1,16,120
evo_2,true,129,1,1,0,129,129
evo_3,true,130,4,4,0,10,130
evo_4,true,129,1,1,0,129,129
evo_5,true,130,3,2,1,2,13
evo_6,true,129,2,2,0,65,129
evo_7,true,129,2,1,1,37,72
evo_8,true,129,4,4,0,6,129
evo_9,true,129,10,10,0,5,69
evo_10,true,118,2,1,1,59,118
evo_11,true,129,1,1,0,127,127
evo_12,true,130,3,1,2,1,95
evo_13,true,130,2,2,0,66,130
evo_14,true,130,5,5,0,27,65
evo_15,true,129,1,1,0,129,129
evo_16,true,119,12,12,0,4,119
evo_17,true,129,2,2,0,51,95
evo_18,true,130,2,2,0,55,105
evo_19,true,120,1,1,0,120,120
evo_20,true,130,1,1,0,130,130
evo_21,true,129,2,2,0,65,129
evo_22,true,129,3,3,0,5,129
evo_23,true,129,1,1,0,129,129
evo_24,true,130,3,3,0,6,130
evo_25,true,129,1,1,0,129,129
evo_26,true,129,3,3,0,8,129
evo_27,true,120,5,4,1,5,95
evo_28,true,130,3,3,0,25,130
evo_29,true,120,3,3,0,7,93
evo_30,true,130,3,3,0,4,130
evo_31,true,130,2,2,0,51,52
