clip,track_id,n_dets,max_conf,smoke_votes,not_smoke_votes,unsure_votes,label,source_video,split
evo_1,1,120,0.526,25,0,0,smoke,evodji_0009,val
evo_1,2,1,0.133,0,0,0,unlabeled,evodji_0009,val
evo_1,26,16,0.471,3,0,0,smoke,evodji_0009,val
evo_2,1,129,0.87,29,0,0,smoke,evodji_0009,val
evo_3,1,130,0.936,31,0,0,smoke,evodji_0007,train
evo_3,5,13,0.781,3,0,0,smoke,evodji_0007,train
evo_3,9,2,0.5,1,0,0,smoke,evodji_0007,train
evo_3,11,7,0.587,1,0,0,smoke,evodji_0007,train
evo_4,1,129,0.875,31,0,0,smoke,evodji_0009,val
evo_5,1,1,0.202,0,0,0,unlabeled,evodji_0009,val
evo_5,2,2,0.257,0,0,0,unlabeled,evodji_0009,val
evo_5,132,13,0.376,4,0,0,smoke,evodji_0009,val
evo_6,1,129,0.93,21,0,0,smoke,evodji_0001,test
evo_6,3,1,0.333,0,0,1,unlabeled,evodji_0001,test
evo_7,1,72,0.635,13,0,0,smoke,evodji_0009,val
evo_7,2,2,0.111,0,0,0,unlabeled,evodji_0009,val
evo_8,1,129,0.95,24,1,0,smoke,evodji_0007,train
evo_8,19,8,0.513,1,0,1,smoke,evodji_0007,train
evo_8,32,3,0.642,0,0,0,unlabeled,evodji_0007,train
evo_8,42,5,0.423,1,1,0,mixed,evodji_0007,train
evo_9,1,69,0.95,18,0,0,smoke,evodji_0007,train
evo_9,4,10,0.874,0,1,2,not_smoke,evodji_0007,train
evo_9,7,3,0.648,0,1,0,not_smoke,evodji_0007,train
evo_9,14,3,0.848,0,0,0,unlabeled,evodji_0007,train
evo_9,37,61,0.889,14,0,0,smoke,evodji_0007,train
evo_9,57,5,0.718,1,0,0,smoke,evodji_0007,train
evo_9,70,3,0.566,0,0,0,unlabeled,evodji_0007,train
evo_9,83,19,0.896,4,0,0,smoke,evodji_0007,train
evo_9,93,5,0.479,1,0,0,smoke,evodji_0007,train
evo_9,116,3,0.393,0,0,0,unlabeled,evodji_0007,train
evo_10,1,118,0.917,24,0,0,smoke,evodji_0001,test
evo_10,2,1,0.134,0,0,0,unlabeled,evodji_0001,test
evo_11,1,127,0.929,28,0,0,smoke,evodji_0001,test
evo_12,1,1,0.227,0,0,0,unlabeled,evodji_0009,val
evo_12,2,1,0.203,0,0,0,unlabeled,evodji_0009,val
evo_12,28,95,0.381,14,0,0,smoke,evodji_0009,val
evo_13,1,130,0.943,25,0,0,smoke,evodji_0001,test
evo_13,6,2,0.409,0,0,0,unlabeled,evodji_0001,test
evo_14,1,65,0.925,13,0,0,smoke,evodji_0001,test
evo_14,14,27,0.736,6,0,0,smoke,evodji_0001,test
evo_14,21,16,0.712,0,1,0,not_smoke,evodji_0001,test
evo_14,23,47,0.882,6,0,0,smoke,evodji_0001,test
evo_14,28,7,0.349,0,0,0,unlabeled,evodji_0001,test
evo_15,1,129,0.631,27,0,0,smoke,evodji_0009,val
evo_16,1,119,0.925,28,0,0,smoke,evodji_0007,train
evo_16,2,13,0.822,1,0,0,smoke,evodji_0007,train
evo_16,3,15,0.792,3,0,0,smoke,evodji_0007,train
evo_16,4,4,0.776,1,0,0,smoke,evodji_0007,train
evo_16,5,3,0.499,0,0,0,unlabeled,evodji_0007,train
evo_16,6,4,0.354,0,0,0,unlabeled,evodji_0007,train
evo_16,16,8,0.714,2,0,0,smoke,evodji_0007,train
evo_16,38,3,0.583,0,0,1,unlabeled,evodji_0007,train
evo_16,44,4,0.727,1,0,0,smoke,evodji_0007,train
evo_16,53,2,0.376,0,0,0,unlabeled,evodji_0007,train
evo_16,85,9,0.539,0,1,2,not_smoke,evodji_0007,train
evo_16,89,1,0.488,0,1,0,not_smoke,evodji_0007,train
evo_17,1,7,0.667,0,0,0,unlabeled,evodji_0001,test
evo_17,11,95,0.915,14,0,0,smoke,evodji_0001,test
evo_18,1,105,0.882,21,0,0,smoke,evodji_0009,val
evo_18,2,5,0.848,1,1,0,mixed,evodji_0009,val
evo_19,1,120,0.916,29,0,0,smoke,evodji_0007,train
evo_20,1,130,0.909,27,0,0,smoke,evodji_0007,train
evo_21,1,129,0.946,24,0,0,smoke,evodji_0007,train
evo_21,7,2,0.403,0,0,0,unlabeled,evodji_0007,train
evo_22,1,129,0.937,23,0,0,smoke,evodji_0007,train
evo_22,10,2,0.588,0,0,0,unlabeled,evodji_0007,train
evo_22,13,5,0.803,0,0,0,unlabeled,evodji_0007,train
evo_23,1,129,0.914,25,0,0,smoke,evodji_0001,test
evo_24,1,130,0.892,26,0,0,smoke,evodji_0007,train
evo_24,2,1,0.432,0,0,0,unlabeled,evodji_0007,train
evo_24,4,6,0.595,0,0,0,unlabeled,evodji_0007,train
evo_25,1,129,0.926,17,0,0,smoke,evodji_0001,test
evo_26,1,129,0.929,26,0,0,smoke,evodji_0007,train
evo_26,10,8,0.433,2,0,0,smoke,evodji_0007,train
evo_26,14,7,0.732,2,0,0,smoke,evodji_0007,train
evo_27,1,95,0.915,20,0,0,smoke,evodji_0009,val
evo_27,2,2,0.206,1,0,0,smoke,evodji_0009,val
evo_27,24,5,0.765,2,0,0,smoke,evodji_0009,val
evo_27,43,4,0.576,0,1,0,not_smoke,evodji_0009,val
evo_27,47,5,0.551,0,1,0,not_smoke,evodji_0009,val
evo_28,1,130,0.92,27,0,0,smoke,evodji_0001,test
evo_28,2,25,0.362,0,3,0,not_smoke,evodji_0001,test
evo_28,13,2,0.432,0,0,0,unlabeled,evodji_0001,test
evo_29,2,7,0.63,2,0,0,smoke,evodji_0001,test
evo_29,21,93,0.908,20,2,0,smoke,evodji_0001,test
evo_29,32,4,0.337,0,1,0,not_smoke,evodji_0001,test
evo_30,1,130,0.938,24,0,0,smoke,evodji_0001,test
evo_30,4,2,0.354,0,0,0,unlabeled,evodji_0001,test
evo_30,10,4,0.573,0,1,0,not_smoke,evodji_0001,test
evo_31,1,51,0.91,7,0,0,smoke,evodji_0007,train
evo_31,27,52,0.902,12,0,0,smoke,evodji_0007,train
